,LR,MOM,BS,Epochs,Acc,Time
0,0.01,0.01,16,7,1.0,129.26921129226685
1,0.01,0.01,16,7,1.0,129.26921129226685
2,0.01,0.01,16,7,1.0,129.26921129226685
3,0.01,0.01,16,7,1.0,129.26921129226685
4,0.01,0.01,16,7,1.0,129.26921129226685
5,0.01,0.01,16,7,1.0,129.26921129226685
6,0.01,0.01,16,7,1.0,129.26921129226685
7,0.01,0.01,16,7,1.0,129.26921129226685
8,0.01,0.1,16,19,1.0,320.3995101451874
9,0.01,0.1,16,19,1.0,320.3995101451874
10,0.01,0.1,16,19,1.0,320.3995101451874
11,0.01,0.1,16,19,1.0,320.3995101451874
12,0.01,0.1,16,19,1.0,320.3995101451874
13,0.01,0.1,16,19,1.0,320.3995101451874
14,0.01,0.1,16,19,1.0,320.3995101451874
15,0.01,0.1,16,19,1.0,320.3995101451874
16,0.01,0.1,16,19,1.0,320.3995101451874
17,0.01,0.1,16,19,1.0,320.3995101451874
18,0.01,0.1,16,19,1.0,320.3995101451874
19,0.01,0.1,16,19,1.0,320.3995101451874
20,0.01,0.1,16,19,1.0,320.3995101451874
21,0.01,0.1,16,19,1.0,320.3995101451874
22,0.01,0.1,16,19,1.0,320.3995101451874
23,0.01,0.1,16,19,1.0,320.3995101451874
24,0.01,0.1,16,19,1.0,320.3995101451874
25,0.01,0.1,16,19,1.0,320.3995101451874
26,0.01,0.1,16,19,1.0,320.3995101451874
27,0.01,0.1,16,19,1.0,320.3995101451874
28,0.01,1.0,16,29,0.175,480.50782775878906
29,0.01,1.0,16,29,0.175,480.50782775878906
30,0.01,1.0,16,29,0.175,480.50782775878906
31,0.01,1.0,16,29,0.175,480.50782775878906
32,0.01,1.0,16,29,0.175,480.50782775878906
33,0.01,1.0,16,29,0.175,480.50782775878906
34,0.01,1.0,16,29,0.175,480.50782775878906
35,0.01,1.0,16,29,0.175,480.50782775878906
36,0.01,1.0,16,29,0.175,480.50782775878906
37,0.01,1.0,16,29,0.175,480.50782775878906
38,0.01,1.0,16,29,0.175,480.50782775878906
39,0.01,1.0,16,29,0.175,480.50782775878906
40,0.01,1.0,16,29,0.175,480.50782775878906
41,0.01,1.0,16,29,0.175,480.50782775878906
42,0.01,1.0,16,29,0.175,480.50782775878906
43,0.01,1.0,16,29,0.175,480.50782775878906
44,0.01,1.0,16,29,0.175,480.50782775878906
45,0.01,1.0,16,29,0.175,480.50782775878906
46,0.01,1.0,16,29,0.175,480.50782775878906
47,0.01,1.0,16,29,0.175,480.50782775878906
48,0.01,1.0,16,29,0.175,480.50782775878906
49,0.01,1.0,16,29,0.175,480.50782775878906
50,0.01,1.0,16,29,0.175,480.50782775878906
51,0.01,1.0,16,29,0.175,480.50782775878906
52,0.01,1.0,16,29,0.175,480.50782775878906
53,0.01,1.0,16,29,0.175,480.50782775878906
54,0.01,1.0,16,29,0.175,480.50782775878906
55,0.01,1.0,16,29,0.175,480.50782775878906
56,0.01,1.0,16,29,0.175,480.50782775878906
57,0.01,1.0,16,29,0.175,480.50782775878906
58,0.1,0.01,16,7,1.0,128.76392698287964
59,0.1,0.01,16,7,1.0,128.76392698287964
60,0.1,0.01,16,7,1.0,128.76392698287964
61,0.1,0.01,16,7,1.0,128.76392698287964
62,0.1,0.01,16,7,1.0,128.76392698287964
63,0.1,0.01,16,7,1.0,128.76392698287964
64,0.1,0.01,16,7,1.0,128.76392698287964
65,0.1,0.01,16,7,1.0,128.76392698287964
66,0.1,0.1,16,3,1.0,65.51400971412659
67,0.1,0.1,16,3,1.0,65.51400971412659
68,0.1,0.1,16,3,1.0,65.51400971412659
69,0.1,0.1,16,3,1.0,65.51400971412659
70,0.1,1.0,16,29,0.225,537.35768866539
71,0.1,1.0,16,29,0.225,537.35768866539
72,0.1,1.0,16,29,0.225,537.35768866539
73,0.1,1.0,16,29,0.225,537.35768866539
74,0.1,1.0,16,29,0.225,537.35768866539
75,0.1,1.0,16,29,0.225,537.35768866539
76,0.1,1.0,16,29,0.225,537.35768866539
77,0.1,1.0,16,29,0.225,537.35768866539
78,0.1,1.0,16,29,0.225,537.35768866539
79,0.1,1.0,16,29,0.225,537.35768866539
80,0.1,1.0,16,29,0.225,537.35768866539
81,0.1,1.0,16,29,0.225,537.35768866539
82,0.1,1.0,16,29,0.225,537.35768866539
83,0.1,1.0,16,29,0.225,537.35768866539
84,0.1,1.0,16,29,0.225,537.35768866539
85,0.1,1.0,16,29,0.225,537.35768866539
86,0.1,1.0,16,29,0.225,537.35768866539
87,0.1,1.0,16,29,0.225,537.35768866539
88,0.1,1.0,16,29,0.225,537.35768866539
89,0.1,1.0,16,29,0.225,537.35768866539
90,0.1,1.0,16,29,0.225,537.35768866539
91,0.1,1.0,16,29,0.225,537.35768866539
92,0.1,1.0,16,29,0.225,537.35768866539
93,0.1,1.0,16,29,0.225,537.35768866539
94,0.1,1.0,16,29,0.225,537.35768866539
95,0.1,1.0,16,29,0.225,537.35768866539
96,0.1,1.0,16,29,0.225,537.35768866539
97,0.1,1.0,16,29,0.225,537.35768866539
98,0.1,1.0,16,29,0.225,537.35768866539
99,0.1,1.0,16,29,0.225,537.35768866539
100,1.0,0.01,16,29,0.2,480.4388861656189
101,1.0,0.01,16,29,0.2,480.4388861656189
102,1.0,0.01,16,29,0.2,480.4388861656189
103,1.0,0.01,16,29,0.2,480.4388861656189
104,1.0,0.01,16,29,0.2,480.4388861656189
105,1.0,0.01,16,29,0.2,480.4388861656189
106,1.0,0.01,16,29,0.2,480.4388861656189
107,1.0,0.01,16,29,0.2,480.4388861656189
108,1.0,0.01,16,29,0.2,480.4388861656189
109,1.0,0.01,16,29,0.2,480.4388861656189
110,1.0,0.01,16,29,0.2,480.4388861656189
111,1.0,0.01,16,29,0.2,480.4388861656189
112,1.0,0.01,16,29,0.2,480.4388861656189
113,1.0,0.01,16,29,0.2,480.4388861656189
114,1.0,0.01,16,29,0.2,480.4388861656189
115,1.0,0.01,16,29,0.2,480.4388861656189
116,1.0,0.01,16,29,0.2,480.4388861656189
117,1.0,0.01,16,29,0.2,480.4388861656189
118,1.0,0.01,16,29,0.2,480.4388861656189
119,1.0,0.01,16,29,0.2,480.4388861656189
120,1.0,0.01,16,29,0.2,480.4388861656189
121,1.0,0.01,16,29,0.2,480.4388861656189
122,1.0,0.01,16,29,0.2,480.4388861656189
123,1.0,0.01,16,29,0.2,480.4388861656189
124,1.0,0.01,16,29,0.2,480.4388861656189
125,1.0,0.01,16,29,0.2,480.4388861656189
126,1.0,0.01,16,29,0.2,480.4388861656189
127,1.0,0.01,16,29,0.2,480.4388861656189
128,1.0,0.01,16,29,0.2,480.4388861656189
129,1.0,0.01,16,29,0.2,480.4388861656189
130,1.0,0.1,16,29,0.2,499.1482152938843
131,1.0,0.1,16,29,0.2,499.1482152938843
132,1.0,0.1,16,29,0.2,499.1482152938843
133,1.0,0.1,16,29,0.2,499.1482152938843
134,1.0,0.1,16,29,0.2,499.1482152938843
135,1.0,0.1,16,29,0.2,499.1482152938843
136,1.0,0.1,16,29,0.2,499.1482152938843
137,1.0,0.1,16,29,0.2,499.1482152938843
138,1.0,0.1,16,29,0.2,499.1482152938843
139,1.0,0.1,16,29,0.2,499.1482152938843
140,1.0,0.1,16,29,0.2,499.1482152938843
141,1.0,0.1,16,29,0.2,499.1482152938843
142,1.0,0.1,16,29,0.2,499.1482152938843
143,1.0,0.1,16,29,0.2,499.1482152938843
144,1.0,0.1,16,29,0.2,499.1482152938843
145,1.0,0.1,16,29,0.2,499.1482152938843
146,1.0,0.1,16,29,0.2,499.1482152938843
147,1.0,0.1,16,29,0.2,499.1482152938843
148,1.0,0.1,16,29,0.2,499.1482152938843
149,1.0,0.1,16,29,0.2,499.1482152938843
150,1.0,0.1,16,29,0.2,499.1482152938843
151,1.0,0.1,16,29,0.2,499.1482152938843
152,1.0,0.1,16,29,0.2,499.1482152938843
153,1.0,0.1,16,29,0.2,499.1482152938843
154,1.0,0.1,16,29,0.2,499.1482152938843
155,1.0,0.1,16,29,0.2,499.1482152938843
156,1.0,0.1,16,29,0.2,499.1482152938843
157,1.0,0.1,16,29,0.2,499.1482152938843
158,1.0,0.1,16,29,0.2,499.1482152938843
159,1.0,0.1,16,29,0.2,499.1482152938843
160,1.0,1.0,16,29,0.1375,490.6211807727814
161,1.0,1.0,16,29,0.1375,490.6211807727814
162,1.0,1.0,16,29,0.1375,490.6211807727814
163,1.0,1.0,16,29,0.1375,490.6211807727814
164,1.0,1.0,16,29,0.1375,490.6211807727814
165,1.0,1.0,16,29,0.1375,490.6211807727814
166,1.0,1.0,16,29,0.1375,490.6211807727814
167,1.0,1.0,16,29,0.1375,490.6211807727814
168,1.0,1.0,16,29,0.1375,490.6211807727814
169,1.0,1.0,16,29,0.1375,490.6211807727814
170,1.0,1.0,16,29,0.1375,490.6211807727814
171,1.0,1.0,16,29,0.1375,490.6211807727814
172,1.0,1.0,16,29,0.1375,490.6211807727814
173,1.0,1.0,16,29,0.1375,490.6211807727814
174,1.0,1.0,16,29,0.1375,490.6211807727814
175,1.0,1.0,16,29,0.1375,490.6211807727814
176,1.0,1.0,16,29,0.1375,490.6211807727814
177,1.0,1.0,16,29,0.1375,490.6211807727814
178,1.0,1.0,16,29,0.1375,490.6211807727814
179,1.0,1.0,16,29,0.1375,490.6211807727814
180,1.0,1.0,16,29,0.1375,490.6211807727814
181,1.0,1.0,16,29,0.1375,490.6211807727814
182,1.0,1.0,16,29,0.1375,490.6211807727814
183,1.0,1.0,16,29,0.1375,490.6211807727814
184,1.0,1.0,16,29,0.1375,490.6211807727814
185,1.0,1.0,16,29,0.1375,490.6211807727814
186,1.0,1.0,16,29,0.1375,490.6211807727814
187,1.0,1.0,16,29,0.1375,490.6211807727814
188,1.0,1.0,16,29,0.1375,490.6211807727814
189,1.0,1.0,16,29,0.1375,490.6211807727814
190,0.01,0.01,32,27,1.0,319.35549545288086
191,0.01,0.01,32,27,1.0,319.35549545288086
192,0.01,0.01,32,27,1.0,319.35549545288086
193,0.01,0.01,32,27,1.0,319.35549545288086
194,0.01,0.01,32,27,1.0,319.35549545288086
195,0.01,0.01,32,27,1.0,319.35549545288086
196,0.01,0.01,32,27,1.0,319.35549545288086
197,0.01,0.01,32,27,1.0,319.35549545288086
198,0.01,0.01,32,27,1.0,319.35549545288086
199,0.01,0.01,32,27,1.0,319.35549545288086
200,0.01,0.01,32,27,1.0,319.35549545288086
201,0.01,0.01,32,27,1.0,319.35549545288086
202,0.01,0.01,32,27,1.0,319.35549545288086
203,0.01,0.01,32,27,1.0,319.35549545288086
204,0.01,0.01,32,27,1.0,319.35549545288086
205,0.01,0.01,32,27,1.0,319.35549545288086
206,0.01,0.01,32,27,1.0,319.35549545288086
207,0.01,0.01,32,27,1.0,319.35549545288086
208,0.01,0.01,32,27,1.0,319.35549545288086
209,0.01,0.01,32,27,1.0,319.35549545288086
210,0.01,0.01,32,27,1.0,319.35549545288086
211,0.01,0.01,32,27,1.0,319.35549545288086
212,0.01,0.01,32,27,1.0,319.35549545288086
213,0.01,0.01,32,27,1.0,319.35549545288086
214,0.01,0.01,32,27,1.0,319.35549545288086
215,0.01,0.01,32,27,1.0,319.35549545288086
216,0.01,0.01,32,27,1.0,319.35549545288086
217,0.01,0.01,32,27,1.0,319.35549545288086
218,0.01,0.1,32,17,1.0,213.20833206176758
219,0.01,0.1,32,17,1.0,213.20833206176758
220,0.01,0.1,32,17,1.0,213.20833206176758
221,0.01,0.1,32,17,1.0,213.20833206176758
222,0.01,0.1,32,17,1.0,213.20833206176758
223,0.01,0.1,32,17,1.0,213.20833206176758
224,0.01,0.1,32,17,1.0,213.20833206176758
225,0.01,0.1,32,17,1.0,213.20833206176758
226,0.01,0.1,32,17,1.0,213.20833206176758
227,0.01,0.1,32,17,1.0,213.20833206176758
228,0.01,0.1,32,17,1.0,213.20833206176758
229,0.01,0.1,32,17,1.0,213.20833206176758
230,0.01,0.1,32,17,1.0,213.20833206176758
231,0.01,0.1,32,17,1.0,213.20833206176758
232,0.01,0.1,32,17,1.0,213.20833206176758
233,0.01,0.1,32,17,1.0,213.20833206176758
234,0.01,0.1,32,17,1.0,213.20833206176758
235,0.01,0.1,32,17,1.0,213.20833206176758
236,0.01,1.0,32,29,0.1625,372.1211836338043
237,0.01,1.0,32,29,0.1625,372.1211836338043
238,0.01,1.0,32,29,0.1625,372.1211836338043
239,0.01,1.0,32,29,0.1625,372.1211836338043
240,0.01,1.0,32,29,0.1625,372.1211836338043
241,0.01,1.0,32,29,0.1625,372.1211836338043
242,0.01,1.0,32,29,0.1625,372.1211836338043
243,0.01,1.0,32,29,0.1625,372.1211836338043
244,0.01,1.0,32,29,0.1625,372.1211836338043
245,0.01,1.0,32,29,0.1625,372.1211836338043
246,0.01,1.0,32,29,0.1625,372.1211836338043
247,0.01,1.0,32,29,0.1625,372.1211836338043
248,0.01,1.0,32,29,0.1625,372.1211836338043
249,0.01,1.0,32,29,0.1625,372.1211836338043
250,0.01,1.0,32,29,0.1625,372.1211836338043
251,0.01,1.0,32,29,0.1625,372.1211836338043
252,0.01,1.0,32,29,0.1625,372.1211836338043
253,0.01,1.0,32,29,0.1625,372.1211836338043
254,0.01,1.0,32,29,0.1625,372.1211836338043
255,0.01,1.0,32,29,0.1625,372.1211836338043
256,0.01,1.0,32,29,0.1625,372.1211836338043
257,0.01,1.0,32,29,0.1625,372.1211836338043
258,0.01,1.0,32,29,0.1625,372.1211836338043
259,0.01,1.0,32,29,0.1625,372.1211836338043
260,0.01,1.0,32,29,0.1625,372.1211836338043
261,0.01,1.0,32,29,0.1625,372.1211836338043
262,0.01,1.0,32,29,0.1625,372.1211836338043
263,0.01,1.0,32,29,0.1625,372.1211836338043
264,0.01,1.0,32,29,0.1625,372.1211836338043
265,0.01,1.0,32,29,0.1625,372.1211836338043
266,0.1,0.01,32,19,1.0,234.62955927848816
267,0.1,0.01,32,19,1.0,234.62955927848816
268,0.1,0.01,32,19,1.0,234.62955927848816
269,0.1,0.01,32,19,1.0,234.62955927848816
270,0.1,0.01,32,19,1.0,234.62955927848816
271,0.1,0.01,32,19,1.0,234.62955927848816
272,0.1,0.01,32,19,1.0,234.62955927848816
273,0.1,0.01,32,19,1.0,234.62955927848816
274,0.1,0.01,32,19,1.0,234.62955927848816
275,0.1,0.01,32,19,1.0,234.62955927848816
276,0.1,0.01,32,19,1.0,234.62955927848816
277,0.1,0.01,32,19,1.0,234.62955927848816
278,0.1,0.01,32,19,1.0,234.62955927848816
279,0.1,0.01,32,19,1.0,234.62955927848816
280,0.1,0.01,32,19,1.0,234.62955927848816
281,0.1,0.01,32,19,1.0,234.62955927848816
282,0.1,0.01,32,19,1.0,234.62955927848816
283,0.1,0.01,32,19,1.0,234.62955927848816
284,0.1,0.01,32,19,1.0,234.62955927848816
285,0.1,0.01,32,19,1.0,234.62955927848816
286,0.1,0.1,32,9,1.0,117.11060690879822
287,0.1,0.1,32,9,1.0,117.11060690879822
288,0.1,0.1,32,9,1.0,117.11060690879822
289,0.1,0.1,32,9,1.0,117.11060690879822
290,0.1,0.1,32,9,1.0,117.11060690879822
291,0.1,0.1,32,9,1.0,117.11060690879822
292,0.1,0.1,32,9,1.0,117.11060690879822
293,0.1,0.1,32,9,1.0,117.11060690879822
294,0.1,0.1,32,9,1.0,117.11060690879822
295,0.1,0.1,32,9,1.0,117.11060690879822
296,0.1,1.0,32,29,0.15,361.88509249687195
297,0.1,1.0,32,29,0.15,361.88509249687195
298,0.1,1.0,32,29,0.15,361.88509249687195
299,0.1,1.0,32,29,0.15,361.88509249687195
300,0.1,1.0,32,29,0.15,361.88509249687195
301,0.1,1.0,32,29,0.15,361.88509249687195
302,0.1,1.0,32,29,0.15,361.88509249687195
303,0.1,1.0,32,29,0.15,361.88509249687195
304,0.1,1.0,32,29,0.15,361.88509249687195
305,0.1,1.0,32,29,0.15,361.88509249687195
306,0.1,1.0,32,29,0.15,361.88509249687195
307,0.1,1.0,32,29,0.15,361.88509249687195
308,0.1,1.0,32,29,0.15,361.88509249687195
309,0.1,1.0,32,29,0.15,361.88509249687195
310,0.1,1.0,32,29,0.15,361.88509249687195
311,0.1,1.0,32,29,0.15,361.88509249687195
312,0.1,1.0,32,29,0.15,361.88509249687195
313,0.1,1.0,32,29,0.15,361.88509249687195
314,0.1,1.0,32,29,0.15,361.88509249687195
315,0.1,1.0,32,29,0.15,361.88509249687195
316,0.1,1.0,32,29,0.15,361.88509249687195
317,0.1,1.0,32,29,0.15,361.88509249687195
318,0.1,1.0,32,29,0.15,361.88509249687195
319,0.1,1.0,32,29,0.15,361.88509249687195
320,0.1,1.0,32,29,0.15,361.88509249687195
321,0.1,1.0,32,29,0.15,361.88509249687195
322,0.1,1.0,32,29,0.15,361.88509249687195
323,0.1,1.0,32,29,0.15,361.88509249687195
324,0.1,1.0,32,29,0.15,361.88509249687195
325,0.1,1.0,32,29,0.15,361.88509249687195
326,1.0,0.01,32,8,1.0,108.67880272865295
327,1.0,0.01,32,8,1.0,108.67880272865295
328,1.0,0.01,32,8,1.0,108.67880272865295
329,1.0,0.01,32,8,1.0,108.67880272865295
330,1.0,0.01,32,8,1.0,108.67880272865295
331,1.0,0.01,32,8,1.0,108.67880272865295
332,1.0,0.01,32,8,1.0,108.67880272865295
333,1.0,0.01,32,8,1.0,108.67880272865295
334,1.0,0.01,32,8,1.0,108.67880272865295
335,1.0,0.1,32,5,1.0,77.99506902694702
336,1.0,0.1,32,5,1.0,77.99506902694702
337,1.0,0.1,32,5,1.0,77.99506902694702
338,1.0,0.1,32,5,1.0,77.99506902694702
339,1.0,0.1,32,5,1.0,77.99506902694702
340,1.0,0.1,32,5,1.0,77.99506902694702
341,1.0,1.0,32,29,0.21875,371.09566950798035
342,1.0,1.0,32,29,0.21875,371.09566950798035
343,1.0,1.0,32,29,0.21875,371.09566950798035
344,1.0,1.0,32,29,0.21875,371.09566950798035
345,1.0,1.0,32,29,0.21875,371.09566950798035
346,1.0,1.0,32,29,0.21875,371.09566950798035
347,1.0,1.0,32,29,0.21875,371.09566950798035
348,1.0,1.0,32,29,0.21875,371.09566950798035
349,1.0,1.0,32,29,0.21875,371.09566950798035
350,1.0,1.0,32,29,0.21875,371.09566950798035
351,1.0,1.0,32,29,0.21875,371.09566950798035
352,1.0,1.0,32,29,0.21875,371.09566950798035
353,1.0,1.0,32,29,0.21875,371.09566950798035
354,1.0,1.0,32,29,0.21875,371.09566950798035
355,1.0,1.0,32,29,0.21875,371.09566950798035
356,1.0,1.0,32,29,0.21875,371.09566950798035
357,1.0,1.0,32,29,0.21875,371.09566950798035
358,1.0,1.0,32,29,0.21875,371.09566950798035
359,1.0,1.0,32,29,0.21875,371.09566950798035
360,1.0,1.0,32,29,0.21875,371.09566950798035
361,1.0,1.0,32,29,0.21875,371.09566950798035
362,1.0,1.0,32,29,0.21875,371.09566950798035
363,1.0,1.0,32,29,0.21875,371.09566950798035
364,1.0,1.0,32,29,0.21875,371.09566950798035
365,1.0,1.0,32,29,0.21875,371.09566950798035
366,1.0,1.0,32,29,0.21875,371.09566950798035
367,1.0,1.0,32,29,0.21875,371.09566950798035
368,1.0,1.0,32,29,0.21875,371.09566950798035
369,1.0,1.0,32,29,0.21875,371.09566950798035
370,1.0,1.0,32,29,0.21875,371.09566950798035
371,0.01,0.01,64,29,0.971875,347.916960477829
372,0.01,0.01,64,29,0.971875,347.916960477829
373,0.01,0.01,64,29,0.971875,347.916960477829
374,0.01,0.01,64,29,0.971875,347.916960477829
375,0.01,0.01,64,29,0.971875,347.916960477829
376,0.01,0.01,64,29,0.971875,347.916960477829
377,0.01,0.01,64,29,0.971875,347.916960477829
378,0.01,0.01,64,29,0.971875,347.916960477829
379,0.01,0.01,64,29,0.971875,347.916960477829
380,0.01,0.01,64,29,0.971875,347.916960477829
381,0.01,0.01,64,29,0.971875,347.916960477829
382,0.01,0.01,64,29,0.971875,347.916960477829
383,0.01,0.01,64,29,0.971875,347.916960477829
384,0.01,0.01,64,29,0.971875,347.916960477829
385,0.01,0.01,64,29,0.971875,347.916960477829
386,0.01,0.01,64,29,0.971875,347.916960477829
387,0.01,0.01,64,29,0.971875,347.916960477829
388,0.01,0.01,64,29,0.971875,347.916960477829
389,0.01,0.01,64,29,0.971875,347.916960477829
390,0.01,0.01,64,29,0.971875,347.916960477829
391,0.01,0.01,64,29,0.971875,347.916960477829
392,0.01,0.01,64,29,0.971875,347.916960477829
393,0.01,0.01,64,29,0.971875,347.916960477829
394,0.01,0.01,64,29,0.971875,347.916960477829
395,0.01,0.01,64,29,0.971875,347.916960477829
396,0.01,0.01,64,29,0.971875,347.916960477829
397,0.01,0.01,64,29,0.971875,347.916960477829
398,0.01,0.01,64,29,0.971875,347.916960477829
399,0.01,0.01,64,29,0.971875,347.916960477829
400,0.01,0.01,64,29,0.971875,347.916960477829
401,0.01,0.1,64,29,0.9875,331.0591697692871
402,0.01,0.1,64,29,0.9875,331.0591697692871
403,0.01,0.1,64,29,0.9875,331.0591697692871
404,0.01,0.1,64,29,0.9875,331.0591697692871
405,0.01,0.1,64,29,0.9875,331.0591697692871
406,0.01,0.1,64,29,0.9875,331.0591697692871
407,0.01,0.1,64,29,0.9875,331.0591697692871
408,0.01,0.1,64,29,0.9875,331.0591697692871
409,0.01,0.1,64,29,0.9875,331.0591697692871
410,0.01,0.1,64,29,0.9875,331.0591697692871
411,0.01,0.1,64,29,0.9875,331.0591697692871
412,0.01,0.1,64,29,0.9875,331.0591697692871
413,0.01,0.1,64,29,0.9875,331.0591697692871
414,0.01,0.1,64,29,0.9875,331.0591697692871
415,0.01,0.1,64,29,0.9875,331.0591697692871
416,0.01,0.1,64,29,0.9875,331.0591697692871
417,0.01,0.1,64,29,0.9875,331.0591697692871
418,0.01,0.1,64,29,0.9875,331.0591697692871
419,0.01,0.1,64,29,0.9875,331.0591697692871
420,0.01,0.1,64,29,0.9875,331.0591697692871
421,0.01,0.1,64,29,0.9875,331.0591697692871
422,0.01,0.1,64,29,0.9875,331.0591697692871
423,0.01,0.1,64,29,0.9875,331.0591697692871
424,0.01,0.1,64,29,0.9875,331.0591697692871
425,0.01,0.1,64,29,0.9875,331.0591697692871
426,0.01,0.1,64,29,0.9875,331.0591697692871
427,0.01,0.1,64,29,0.9875,331.0591697692871
428,0.01,0.1,64,29,0.9875,331.0591697692871
429,0.01,0.1,64,29,0.9875,331.0591697692871
430,0.01,0.1,64,29,0.9875,331.0591697692871
431,0.01,1.0,64,29,0.215625,274.83200120925903
432,0.01,1.0,64,29,0.215625,274.83200120925903
433,0.01,1.0,64,29,0.215625,274.83200120925903
434,0.01,1.0,64,29,0.215625,274.83200120925903
435,0.01,1.0,64,29,0.215625,274.83200120925903
436,0.01,1.0,64,29,0.215625,274.83200120925903
437,0.01,1.0,64,29,0.215625,274.83200120925903
438,0.01,1.0,64,29,0.215625,274.83200120925903
439,0.01,1.0,64,29,0.215625,274.83200120925903
440,0.01,1.0,64,29,0.215625,274.83200120925903
441,0.01,1.0,64,29,0.215625,274.83200120925903
442,0.01,1.0,64,29,0.215625,274.83200120925903
443,0.01,1.0,64,29,0.215625,274.83200120925903
444,0.01,1.0,64,29,0.215625,274.83200120925903
445,0.01,1.0,64,29,0.215625,274.83200120925903
446,0.01,1.0,64,29,0.215625,274.83200120925903
447,0.01,1.0,64,29,0.215625,274.83200120925903
448,0.01,1.0,64,29,0.215625,274.83200120925903
449,0.01,1.0,64,29,0.215625,274.83200120925903
450,0.01,1.0,64,29,0.215625,274.83200120925903
451,0.01,1.0,64,29,0.215625,274.83200120925903
452,0.01,1.0,64,29,0.215625,274.83200120925903
453,0.01,1.0,64,29,0.215625,274.83200120925903
454,0.01,1.0,64,29,0.215625,274.83200120925903
455,0.01,1.0,64,29,0.215625,274.83200120925903
456,0.01,1.0,64,29,0.215625,274.83200120925903
457,0.01,1.0,64,29,0.215625,274.83200120925903
458,0.01,1.0,64,29,0.215625,274.83200120925903
459,0.01,1.0,64,29,0.215625,274.83200120925903
460,0.01,1.0,64,29,0.215625,274.83200120925903
461,0.1,0.01,64,29,0.996875,277.70875573158264
462,0.1,0.01,64,29,0.996875,277.70875573158264
463,0.1,0.01,64,29,0.996875,277.70875573158264
464,0.1,0.01,64,29,0.996875,277.70875573158264
465,0.1,0.01,64,29,0.996875,277.70875573158264
466,0.1,0.01,64,29,0.996875,277.70875573158264
467,0.1,0.01,64,29,0.996875,277.70875573158264
468,0.1,0.01,64,29,0.996875,277.70875573158264
469,0.1,0.01,64,29,0.996875,277.70875573158264
470,0.1,0.01,64,29,0.996875,277.70875573158264
471,0.1,0.01,64,29,0.996875,277.70875573158264
472,0.1,0.01,64,29,0.996875,277.70875573158264
473,0.1,0.01,64,29,0.996875,277.70875573158264
474,0.1,0.01,64,29,0.996875,277.70875573158264
475,0.1,0.01,64,29,0.996875,277.70875573158264
476,0.1,0.01,64,29,0.996875,277.70875573158264
477,0.1,0.01,64,29,0.996875,277.70875573158264
478,0.1,0.01,64,29,0.996875,277.70875573158264
479,0.1,0.01,64,29,0.996875,277.70875573158264
480,0.1,0.01,64,29,0.996875,277.70875573158264
481,0.1,0.01,64,29,0.996875,277.70875573158264
482,0.1,0.01,64,29,0.996875,277.70875573158264
483,0.1,0.01,64,29,0.996875,277.70875573158264
484,0.1,0.01,64,29,0.996875,277.70875573158264
485,0.1,0.01,64,29,0.996875,277.70875573158264
486,0.1,0.01,64,29,0.996875,277.70875573158264
487,0.1,0.01,64,29,0.996875,277.70875573158264
488,0.1,0.01,64,29,0.996875,277.70875573158264
489,0.1,0.01,64,29,0.996875,277.70875573158264
490,0.1,0.01,64,29,0.996875,277.70875573158264
491,0.1,0.1,64,27,1.0,257.97212767601013
492,0.1,0.1,64,27,1.0,257.97212767601013
493,0.1,0.1,64,27,1.0,257.97212767601013
494,0.1,0.1,64,27,1.0,257.97212767601013
495,0.1,0.1,64,27,1.0,257.97212767601013
496,0.1,0.1,64,27,1.0,257.97212767601013
497,0.1,0.1,64,27,1.0,257.97212767601013
498,0.1,0.1,64,27,1.0,257.97212767601013
499,0.1,0.1,64,27,1.0,257.97212767601013
500,0.1,0.1,64,27,1.0,257.97212767601013
501,0.1,0.1,64,27,1.0,257.97212767601013
502,0.1,0.1,64,27,1.0,257.97212767601013
503,0.1,0.1,64,27,1.0,257.97212767601013
504,0.1,0.1,64,27,1.0,257.97212767601013
505,0.1,0.1,64,27,1.0,257.97212767601013
506,0.1,0.1,64,27,1.0,257.97212767601013
507,0.1,0.1,64,27,1.0,257.97212767601013
508,0.1,0.1,64,27,1.0,257.97212767601013
509,0.1,0.1,64,27,1.0,257.97212767601013
510,0.1,0.1,64,27,1.0,257.97212767601013
511,0.1,0.1,64,27,1.0,257.97212767601013
512,0.1,0.1,64,27,1.0,257.97212767601013
513,0.1,0.1,64,27,1.0,257.97212767601013
514,0.1,0.1,64,27,1.0,257.97212767601013
515,0.1,0.1,64,27,1.0,257.97212767601013
516,0.1,0.1,64,27,1.0,257.97212767601013
517,0.1,0.1,64,27,1.0,257.97212767601013
518,0.1,0.1,64,27,1.0,257.97212767601013
519,0.1,1.0,64,29,0.1375,276.71840381622314
520,0.1,1.0,64,29,0.1375,276.71840381622314
521,0.1,1.0,64,29,0.1375,276.71840381622314
522,0.1,1.0,64,29,0.1375,276.71840381622314
523,0.1,1.0,64,29,0.1375,276.71840381622314
524,0.1,1.0,64,29,0.1375,276.71840381622314
525,0.1,1.0,64,29,0.1375,276.71840381622314
526,0.1,1.0,64,29,0.1375,276.71840381622314
527,0.1,1.0,64,29,0.1375,276.71840381622314
528,0.1,1.0,64,29,0.1375,276.71840381622314
529,0.1,1.0,64,29,0.1375,276.71840381622314
530,0.1,1.0,64,29,0.1375,276.71840381622314
531,0.1,1.0,64,29,0.1375,276.71840381622314
532,0.1,1.0,64,29,0.1375,276.71840381622314
533,0.1,1.0,64,29,0.1375,276.71840381622314
534,0.1,1.0,64,29,0.1375,276.71840381622314
535,0.1,1.0,64,29,0.1375,276.71840381622314
536,0.1,1.0,64,29,0.1375,276.71840381622314
537,0.1,1.0,64,29,0.1375,276.71840381622314
538,0.1,1.0,64,29,0.1375,276.71840381622314
539,0.1,1.0,64,29,0.1375,276.71840381622314
540,0.1,1.0,64,29,0.1375,276.71840381622314
541,0.1,1.0,64,29,0.1375,276.71840381622314
542,0.1,1.0,64,29,0.1375,276.71840381622314
543,0.1,1.0,64,29,0.1375,276.71840381622314
544,0.1,1.0,64,29,0.1375,276.71840381622314
545,0.1,1.0,64,29,0.1375,276.71840381622314
546,0.1,1.0,64,29,0.1375,276.71840381622314
547,0.1,1.0,64,29,0.1375,276.71840381622314
548,0.1,1.0,64,29,0.1375,276.71840381622314
549,1.0,0.01,64,8,1.0,82.68238568305969
550,1.0,0.01,64,8,1.0,82.68238568305969
551,1.0,0.01,64,8,1.0,82.68238568305969
552,1.0,0.01,64,8,1.0,82.68238568305969
553,1.0,0.01,64,8,1.0,82.68238568305969
554,1.0,0.01,64,8,1.0,82.68238568305969
555,1.0,0.01,64,8,1.0,82.68238568305969
556,1.0,0.01,64,8,1.0,82.68238568305969
557,1.0,0.01,64,8,1.0,82.68238568305969
558,1.0,0.1,64,12,1.0,120.01202869415283
559,1.0,0.1,64,12,1.0,120.01202869415283
560,1.0,0.1,64,12,1.0,120.01202869415283
561,1.0,0.1,64,12,1.0,120.01202869415283
562,1.0,0.1,64,12,1.0,120.01202869415283
563,1.0,0.1,64,12,1.0,120.01202869415283
564,1.0,0.1,64,12,1.0,120.01202869415283
565,1.0,0.1,64,12,1.0,120.01202869415283
566,1.0,0.1,64,12,1.0,120.01202869415283
567,1.0,0.1,64,12,1.0,120.01202869415283
568,1.0,0.1,64,12,1.0,120.01202869415283
569,1.0,0.1,64,12,1.0,120.01202869415283
570,1.0,0.1,64,12,1.0,120.01202869415283
571,1.0,1.0,64,29,0.128125,274.75363326072693
572,1.0,1.0,64,29,0.128125,274.75363326072693
573,1.0,1.0,64,29,0.128125,274.75363326072693
574,1.0,1.0,64,29,0.128125,274.75363326072693
575,1.0,1.0,64,29,0.128125,274.75363326072693
576,1.0,1.0,64,29,0.128125,274.75363326072693
577,1.0,1.0,64,29,0.128125,274.75363326072693
578,1.0,1.0,64,29,0.128125,274.75363326072693
579,1.0,1.0,64,29,0.128125,274.75363326072693
580,1.0,1.0,64,29,0.128125,274.75363326072693
581,1.0,1.0,64,29,0.128125,274.75363326072693
582,1.0,1.0,64,29,0.128125,274.75363326072693
583,1.0,1.0,64,29,0.128125,274.75363326072693
584,1.0,1.0,64,29,0.128125,274.75363326072693
585,1.0,1.0,64,29,0.128125,274.75363326072693
586,1.0,1.0,64,29,0.128125,274.75363326072693
587,1.0,1.0,64,29,0.128125,274.75363326072693
588,1.0,1.0,64,29,0.128125,274.75363326072693
589,1.0,1.0,64,29,0.128125,274.75363326072693
590,1.0,1.0,64,29,0.128125,274.75363326072693
591,1.0,1.0,64,29,0.128125,274.75363326072693
592,1.0,1.0,64,29,0.128125,274.75363326072693
593,1.0,1.0,64,29,0.128125,274.75363326072693
594,1.0,1.0,64,29,0.128125,274.75363326072693
595,1.0,1.0,64,29,0.128125,274.75363326072693
596,1.0,1.0,64,29,0.128125,274.75363326072693
597,1.0,1.0,64,29,0.128125,274.75363326072693
598,1.0,1.0,64,29,0.128125,274.75363326072693
599,1.0,1.0,64,29,0.128125,274.75363326072693
600,1.0,1.0,64,29,0.128125,274.75363326072693
601,0.01,0.01,128,29,0.95,241.10367965698242
602,0.01,0.01,128,29,0.95,241.10367965698242
603,0.01,0.01,128,29,0.95,241.10367965698242
604,0.01,0.01,128,29,0.95,241.10367965698242
605,0.01,0.01,128,29,0.95,241.10367965698242
606,0.01,0.01,128,29,0.95,241.10367965698242
607,0.01,0.01,128,29,0.95,241.10367965698242
608,0.01,0.01,128,29,0.95,241.10367965698242
609,0.01,0.01,128,29,0.95,241.10367965698242
610,0.01,0.01,128,29,0.95,241.10367965698242
611,0.01,0.01,128,29,0.95,241.10367965698242
612,0.01,0.01,128,29,0.95,241.10367965698242
613,0.01,0.01,128,29,0.95,241.10367965698242
614,0.01,0.01,128,29,0.95,241.10367965698242
615,0.01,0.01,128,29,0.95,241.10367965698242
616,0.01,0.01,128,29,0.95,241.10367965698242
617,0.01,0.01,128,29,0.95,241.10367965698242
618,0.01,0.01,128,29,0.95,241.10367965698242
619,0.01,0.01,128,29,0.95,241.10367965698242
620,0.01,0.01,128,29,0.95,241.10367965698242
621,0.01,0.01,128,29,0.95,241.10367965698242
622,0.01,0.01,128,29,0.95,241.10367965698242
623,0.01,0.01,128,29,0.95,241.10367965698242
624,0.01,0.01,128,29,0.95,241.10367965698242
625,0.01,0.01,128,29,0.95,241.10367965698242
626,0.01,0.01,128,29,0.95,241.10367965698242
627,0.01,0.01,128,29,0.95,241.10367965698242
628,0.01,0.01,128,29,0.95,241.10367965698242
629,0.01,0.01,128,29,0.95,241.10367965698242
630,0.01,0.01,128,29,0.95,241.10367965698242
631,0.01,0.1,128,29,0.9640625,242.21726036071777
632,0.01,0.1,128,29,0.9640625,242.21726036071777
633,0.01,0.1,128,29,0.9640625,242.21726036071777
634,0.01,0.1,128,29,0.9640625,242.21726036071777
635,0.01,0.1,128,29,0.9640625,242.21726036071777
636,0.01,0.1,128,29,0.9640625,242.21726036071777
637,0.01,0.1,128,29,0.9640625,242.21726036071777
638,0.01,0.1,128,29,0.9640625,242.21726036071777
639,0.01,0.1,128,29,0.9640625,242.21726036071777
640,0.01,0.1,128,29,0.9640625,242.21726036071777
641,0.01,0.1,128,29,0.9640625,242.21726036071777
642,0.01,0.1,128,29,0.9640625,242.21726036071777
643,0.01,0.1,128,29,0.9640625,242.21726036071777
644,0.01,0.1,128,29,0.9640625,242.21726036071777
645,0.01,0.1,128,29,0.9640625,242.21726036071777
646,0.01,0.1,128,29,0.9640625,242.21726036071777
647,0.01,0.1,128,29,0.9640625,242.21726036071777
648,0.01,0.1,128,29,0.9640625,242.21726036071777
649,0.01,0.1,128,29,0.9640625,242.21726036071777
650,0.01,0.1,128,29,0.9640625,242.21726036071777
651,0.01,0.1,128,29,0.9640625,242.21726036071777
652,0.01,0.1,128,29,0.9640625,242.21726036071777
653,0.01,0.1,128,29,0.9640625,242.21726036071777
654,0.01,0.1,128,29,0.9640625,242.21726036071777
655,0.01,0.1,128,29,0.9640625,242.21726036071777
656,0.01,0.1,128,29,0.9640625,242.21726036071777
657,0.01,0.1,128,29,0.9640625,242.21726036071777
658,0.01,0.1,128,29,0.9640625,242.21726036071777
659,0.01,0.1,128,29,0.9640625,242.21726036071777
660,0.01,0.1,128,29,0.9640625,242.21726036071777
661,0.01,1.0,128,29,0.20625,241.6557800769806
662,0.01,1.0,128,29,0.20625,241.6557800769806
663,0.01,1.0,128,29,0.20625,241.6557800769806
664,0.01,1.0,128,29,0.20625,241.6557800769806
665,0.01,1.0,128,29,0.20625,241.6557800769806
666,0.01,1.0,128,29,0.20625,241.6557800769806
667,0.01,1.0,128,29,0.20625,241.6557800769806
668,0.01,1.0,128,29,0.20625,241.6557800769806
669,0.01,1.0,128,29,0.20625,241.6557800769806
670,0.01,1.0,128,29,0.20625,241.6557800769806
671,0.01,1.0,128,29,0.20625,241.6557800769806
672,0.01,1.0,128,29,0.20625,241.6557800769806
673,0.01,1.0,128,29,0.20625,241.6557800769806
674,0.01,1.0,128,29,0.20625,241.6557800769806
675,0.01,1.0,128,29,0.20625,241.6557800769806
676,0.01,1.0,128,29,0.20625,241.6557800769806
677,0.01,1.0,128,29,0.20625,241.6557800769806
678,0.01,1.0,128,29,0.20625,241.6557800769806
679,0.01,1.0,128,29,0.20625,241.6557800769806
680,0.01,1.0,128,29,0.20625,241.6557800769806
681,0.01,1.0,128,29,0.20625,241.6557800769806
682,0.01,1.0,128,29,0.20625,241.6557800769806
683,0.01,1.0,128,29,0.20625,241.6557800769806
684,0.01,1.0,128,29,0.20625,241.6557800769806
685,0.01,1.0,128,29,0.20625,241.6557800769806
686,0.01,1.0,128,29,0.20625,241.6557800769806
687,0.01,1.0,128,29,0.20625,241.6557800769806
688,0.01,1.0,128,29,0.20625,241.6557800769806
689,0.01,1.0,128,29,0.20625,241.6557800769806
690,0.01,1.0,128,29,0.20625,241.6557800769806
691,0.1,0.01,128,29,0.9953125,242.18234491348267
692,0.1,0.01,128,29,0.9953125,242.18234491348267
693,0.1,0.01,128,29,0.9953125,242.18234491348267
694,0.1,0.01,128,29,0.9953125,242.18234491348267
695,0.1,0.01,128,29,0.9953125,242.18234491348267
696,0.1,0.01,128,29,0.9953125,242.18234491348267
697,0.1,0.01,128,29,0.9953125,242.18234491348267
698,0.1,0.01,128,29,0.9953125,242.18234491348267
699,0.1,0.01,128,29,0.9953125,242.18234491348267
700,0.1,0.01,128,29,0.9953125,242.18234491348267
701,0.1,0.01,128,29,0.9953125,242.18234491348267
702,0.1,0.01,128,29,0.9953125,242.18234491348267
703,0.1,0.01,128,29,0.9953125,242.18234491348267
704,0.1,0.01,128,29,0.9953125,242.18234491348267
705,0.1,0.01,128,29,0.9953125,242.18234491348267
706,0.1,0.01,128,29,0.9953125,242.18234491348267
707,0.1,0.01,128,29,0.9953125,242.18234491348267
708,0.1,0.01,128,29,0.9953125,242.18234491348267
709,0.1,0.01,128,29,0.9953125,242.18234491348267
710,0.1,0.01,128,29,0.9953125,242.18234491348267
711,0.1,0.01,128,29,0.9953125,242.18234491348267
712,0.1,0.01,128,29,0.9953125,242.18234491348267
713,0.1,0.01,128,29,0.9953125,242.18234491348267
714,0.1,0.01,128,29,0.9953125,242.18234491348267
715,0.1,0.01,128,29,0.9953125,242.18234491348267
716,0.1,0.01,128,29,0.9953125,242.18234491348267
717,0.1,0.01,128,29,0.9953125,242.18234491348267
718,0.1,0.01,128,29,0.9953125,242.18234491348267
719,0.1,0.01,128,29,0.9953125,242.18234491348267
720,0.1,0.01,128,29,0.9953125,242.18234491348267
721,0.1,0.1,128,29,0.996875,241.5365607738495
722,0.1,0.1,128,29,0.996875,241.5365607738495
723,0.1,0.1,128,29,0.996875,241.5365607738495
724,0.1,0.1,128,29,0.996875,241.5365607738495
725,0.1,0.1,128,29,0.996875,241.5365607738495
726,0.1,0.1,128,29,0.996875,241.5365607738495
727,0.1,0.1,128,29,0.996875,241.5365607738495
728,0.1,0.1,128,29,0.996875,241.5365607738495
729,0.1,0.1,128,29,0.996875,241.5365607738495
730,0.1,0.1,128,29,0.996875,241.5365607738495
731,0.1,0.1,128,29,0.996875,241.5365607738495
732,0.1,0.1,128,29,0.996875,241.5365607738495
733,0.1,0.1,128,29,0.996875,241.5365607738495
734,0.1,0.1,128,29,0.996875,241.5365607738495
735,0.1,0.1,128,29,0.996875,241.5365607738495
736,0.1,0.1,128,29,0.996875,241.5365607738495
737,0.1,0.1,128,29,0.996875,241.5365607738495
738,0.1,0.1,128,29,0.996875,241.5365607738495
739,0.1,0.1,128,29,0.996875,241.5365607738495
740,0.1,0.1,128,29,0.996875,241.5365607738495
741,0.1,0.1,128,29,0.996875,241.5365607738495
742,0.1,0.1,128,29,0.996875,241.5365607738495
743,0.1,0.1,128,29,0.996875,241.5365607738495
744,0.1,0.1,128,29,0.996875,241.5365607738495
745,0.1,0.1,128,29,0.996875,241.5365607738495
746,0.1,0.1,128,29,0.996875,241.5365607738495
747,0.1,0.1,128,29,0.996875,241.5365607738495
748,0.1,0.1,128,29,0.996875,241.5365607738495
749,0.1,0.1,128,29,0.996875,241.5365607738495
750,0.1,0.1,128,29,0.996875,241.5365607738495
751,0.1,1.0,128,29,0.11875,241.80870079994202
752,0.1,1.0,128,29,0.11875,241.80870079994202
753,0.1,1.0,128,29,0.11875,241.80870079994202
754,0.1,1.0,128,29,0.11875,241.80870079994202
755,0.1,1.0,128,29,0.11875,241.80870079994202
756,0.1,1.0,128,29,0.11875,241.80870079994202
757,0.1,1.0,128,29,0.11875,241.80870079994202
758,0.1,1.0,128,29,0.11875,241.80870079994202
759,0.1,1.0,128,29,0.11875,241.80870079994202
760,0.1,1.0,128,29,0.11875,241.80870079994202
761,0.1,1.0,128,29,0.11875,241.80870079994202
762,0.1,1.0,128,29,0.11875,241.80870079994202
763,0.1,1.0,128,29,0.11875,241.80870079994202
764,0.1,1.0,128,29,0.11875,241.80870079994202
765,0.1,1.0,128,29,0.11875,241.80870079994202
766,0.1,1.0,128,29,0.11875,241.80870079994202
767,0.1,1.0,128,29,0.11875,241.80870079994202
768,0.1,1.0,128,29,0.11875,241.80870079994202
769,0.1,1.0,128,29,0.11875,241.80870079994202
770,0.1,1.0,128,29,0.11875,241.80870079994202
771,0.1,1.0,128,29,0.11875,241.80870079994202
772,0.1,1.0,128,29,0.11875,241.80870079994202
773,0.1,1.0,128,29,0.11875,241.80870079994202
774,0.1,1.0,128,29,0.11875,241.80870079994202
775,0.1,1.0,128,29,0.11875,241.80870079994202
776,0.1,1.0,128,29,0.11875,241.80870079994202
777,0.1,1.0,128,29,0.11875,241.80870079994202
778,0.1,1.0,128,29,0.11875,241.80870079994202
779,0.1,1.0,128,29,0.11875,241.80870079994202
780,0.1,1.0,128,29,0.11875,241.80870079994202
781,1.0,0.01,128,21,1.0,177.25851774215698
782,1.0,0.01,128,21,1.0,177.25851774215698
783,1.0,0.01,128,21,1.0,177.25851774215698
784,1.0,0.01,128,21,1.0,177.25851774215698
785,1.0,0.01,128,21,1.0,177.25851774215698
786,1.0,0.01,128,21,1.0,177.25851774215698
787,1.0,0.01,128,21,1.0,177.25851774215698
788,1.0,0.01,128,21,1.0,177.25851774215698
789,1.0,0.01,128,21,1.0,177.25851774215698
790,1.0,0.01,128,21,1.0,177.25851774215698
791,1.0,0.01,128,21,1.0,177.25851774215698
792,1.0,0.01,128,21,1.0,177.25851774215698
793,1.0,0.01,128,21,1.0,177.25851774215698
794,1.0,0.01,128,21,1.0,177.25851774215698
795,1.0,0.01,128,21,1.0,177.25851774215698
796,1.0,0.01,128,21,1.0,177.25851774215698
797,1.0,0.01,128,21,1.0,177.25851774215698
798,1.0,0.01,128,21,1.0,177.25851774215698
799,1.0,0.01,128,21,1.0,177.25851774215698
800,1.0,0.01,128,21,1.0,177.25851774215698
801,1.0,0.01,128,21,1.0,177.25851774215698
802,1.0,0.01,128,21,1.0,177.25851774215698
803,1.0,0.1,128,19,1.0,161.6846969127655
804,1.0,0.1,128,19,1.0,161.6846969127655
805,1.0,0.1,128,19,1.0,161.6846969127655
806,1.0,0.1,128,19,1.0,161.6846969127655
807,1.0,0.1,128,19,1.0,161.6846969127655
808,1.0,0.1,128,19,1.0,161.6846969127655
809,1.0,0.1,128,19,1.0,161.6846969127655
810,1.0,0.1,128,19,1.0,161.6846969127655
811,1.0,0.1,128,19,1.0,161.6846969127655
812,1.0,0.1,128,19,1.0,161.6846969127655
813,1.0,0.1,128,19,1.0,161.6846969127655
814,1.0,0.1,128,19,1.0,161.6846969127655
815,1.0,0.1,128,19,1.0,161.6846969127655
816,1.0,0.1,128,19,1.0,161.6846969127655
817,1.0,0.1,128,19,1.0,161.6846969127655
818,1.0,0.1,128,19,1.0,161.6846969127655
819,1.0,0.1,128,19,1.0,161.6846969127655
820,1.0,0.1,128,19,1.0,161.6846969127655
821,1.0,0.1,128,19,1.0,161.6846969127655
822,1.0,0.1,128,19,1.0,161.6846969127655
823,1.0,1.0,128,29,0.1296875,242.5537407398224
824,1.0,1.0,128,29,0.1296875,242.5537407398224
825,1.0,1.0,128,29,0.1296875,242.5537407398224
826,1.0,1.0,128,29,0.1296875,242.5537407398224
827,1.0,1.0,128,29,0.1296875,242.5537407398224
828,1.0,1.0,128,29,0.1296875,242.5537407398224
829,1.0,1.0,128,29,0.1296875,242.5537407398224
830,1.0,1.0,128,29,0.1296875,242.5537407398224
831,1.0,1.0,128,29,0.1296875,242.5537407398224
832,1.0,1.0,128,29,0.1296875,242.5537407398224
833,1.0,1.0,128,29,0.1296875,242.5537407398224
834,1.0,1.0,128,29,0.1296875,242.5537407398224
835,1.0,1.0,128,29,0.1296875,242.5537407398224
836,1.0,1.0,128,29,0.1296875,242.5537407398224
837,1.0,1.0,128,29,0.1296875,242.5537407398224
838,1.0,1.0,128,29,0.1296875,242.5537407398224
839,1.0,1.0,128,29,0.1296875,242.5537407398224
840,1.0,1.0,128,29,0.1296875,242.5537407398224
841,1.0,1.0,128,29,0.1296875,242.5537407398224
842,1.0,1.0,128,29,0.1296875,242.5537407398224
843,1.0,1.0,128,29,0.1296875,242.5537407398224
844,1.0,1.0,128,29,0.1296875,242.5537407398224
845,1.0,1.0,128,29,0.1296875,242.5537407398224
846,1.0,1.0,128,29,0.1296875,242.5537407398224
847,1.0,1.0,128,29,0.1296875,242.5537407398224
848,1.0,1.0,128,29,0.1296875,242.5537407398224
849,1.0,1.0,128,29,0.1296875,242.5537407398224
850,1.0,1.0,128,29,0.1296875,242.5537407398224
851,1.0,1.0,128,29,0.1296875,242.5537407398224
852,1.0,1.0,128,29,0.1296875,242.5537407398224
